<?xml version="1.0" encoding="UTF-8"?>
<root>
  <item name="com.braintreepayments.api.models.BinData java.lang.String getCommercial()">
    <annotation name="androidx.annotation.StringDef">
      <val name="value" val="{com.braintreepayments.api.models.BinData.YES, com.braintreepayments.api.models.BinData.NO, com.braintreepayments.api.models.BinData.UNKNOWN}" />
    </annotation>
  </item>
  <item name="com.braintreepayments.api.models.BinData java.lang.String getDebit()">
    <annotation name="androidx.annotation.StringDef">
      <val name="value" val="{com.braintreepayments.api.models.BinData.YES, com.braintreepayments.api.models.BinData.NO, com.braintreepayments.api.models.BinData.UNKNOWN}" />
    </annotation>
  </item>
  <item name="com.braintreepayments.api.models.BinData java.lang.String getDurbinRegulated()">
    <annotation name="androidx.annotation.StringDef">
      <val name="value" val="{com.braintreepayments.api.models.BinData.YES, com.braintreepayments.api.models.BinData.NO, com.braintreepayments.api.models.BinData.UNKNOWN}" />
    </annotation>
  </item>
  <item name="com.braintreepayments.api.models.BinData java.lang.String getHealthcare()">
    <annotation name="androidx.annotation.StringDef">
      <val name="value" val="{com.braintreepayments.api.models.BinData.YES, com.braintreepayments.api.models.BinData.NO, com.braintreepayments.api.models.BinData.UNKNOWN}" />
    </annotation>
  </item>
  <item name="com.braintreepayments.api.models.BinData java.lang.String getPayroll()">
    <annotation name="androidx.annotation.StringDef">
      <val name="value" val="{com.braintreepayments.api.models.BinData.YES, com.braintreepayments.api.models.BinData.NO, com.braintreepayments.api.models.BinData.UNKNOWN}" />
    </annotation>
  </item>
  <item name="com.braintreepayments.api.models.BinData java.lang.String getPrepaid()">
    <annotation name="androidx.annotation.StringDef">
      <val name="value" val="{com.braintreepayments.api.models.BinData.YES, com.braintreepayments.api.models.BinData.NO, com.braintreepayments.api.models.BinData.UNKNOWN}" />
    </annotation>
  </item>
  <item name="com.braintreepayments.api.models.BraintreeRequestCodes">
    <annotation name="androidx.annotation.IntDef">
      <val name="value" val="{com.braintreepayments.api.models.BraintreeRequestCodes.THREE_D_SECURE, com.braintreepayments.api.models.BraintreeRequestCodes.VENMO, com.braintreepayments.api.models.BraintreeRequestCodes.PAYPAL, com.braintreepayments.api.models.BraintreeRequestCodes.VISA_CHECKOUT, com.braintreepayments.api.models.BraintreeRequestCodes.GOOGLE_PAYMENT, com.braintreepayments.api.models.BraintreeRequestCodes.SAMSUNG_PAY, com.braintreepayments.api.models.BraintreeRequestCodes.LOCAL_PAYMENT, com.braintreepayments.api.models.BraintreeRequestCodes.PAYPAL_TWO_FACTOR_AUTH}" />
    </annotation>
  </item>
  <item name="com.braintreepayments.api.models.PayPalAccountBuilder com.braintreepayments.api.models.PayPalAccountBuilder intent(java.lang.String) 0">
    <annotation name="androidx.annotation.StringDef">
      <val name="value" val="{com.braintreepayments.api.models.PayPalRequest.INTENT_ORDER, com.braintreepayments.api.models.PayPalRequest.INTENT_SALE, com.braintreepayments.api.models.PayPalRequest.INTENT_AUTHORIZE}" />
    </annotation>
  </item>
  <item name="com.braintreepayments.api.models.PayPalRequest com.braintreepayments.api.models.PayPalRequest intent(java.lang.String) 0">
    <annotation name="androidx.annotation.StringDef">
      <val name="value" val="{com.braintreepayments.api.models.PayPalRequest.INTENT_ORDER, com.braintreepayments.api.models.PayPalRequest.INTENT_SALE, com.braintreepayments.api.models.PayPalRequest.INTENT_AUTHORIZE}" />
    </annotation>
  </item>
  <item name="com.braintreepayments.api.models.PayPalRequest com.braintreepayments.api.models.PayPalRequest landingPageType(java.lang.String) 0">
    <annotation name="androidx.annotation.StringDef">
      <val name="value" val="{com.braintreepayments.api.models.PayPalRequest.LANDING_PAGE_TYPE_BILLING, com.braintreepayments.api.models.PayPalRequest.LANDING_PAGE_TYPE_LOGIN}" />
    </annotation>
  </item>
  <item name="com.braintreepayments.api.models.PayPalRequest com.braintreepayments.api.models.PayPalRequest userAction(java.lang.String) 0">
    <annotation name="androidx.annotation.StringDef">
      <val name="value" val="{com.braintreepayments.api.models.PayPalRequest.USER_ACTION_DEFAULT, com.braintreepayments.api.models.PayPalRequest.USER_ACTION_COMMIT}" />
    </annotation>
  </item>
  <item name="com.braintreepayments.api.models.PayPalRequest java.lang.String getIntent()">
    <annotation name="androidx.annotation.StringDef">
      <val name="value" val="{com.braintreepayments.api.models.PayPalRequest.INTENT_ORDER, com.braintreepayments.api.models.PayPalRequest.INTENT_SALE, com.braintreepayments.api.models.PayPalRequest.INTENT_AUTHORIZE}" />
    </annotation>
  </item>
  <item name="com.braintreepayments.api.models.PayPalRequest java.lang.String getLandingPageType()">
    <annotation name="androidx.annotation.StringDef">
      <val name="value" val="{com.braintreepayments.api.models.PayPalRequest.LANDING_PAGE_TYPE_BILLING, com.braintreepayments.api.models.PayPalRequest.LANDING_PAGE_TYPE_LOGIN}" />
    </annotation>
  </item>
  <item name="com.braintreepayments.api.models.PayPalRequest java.lang.String getUserAction()">
    <annotation name="androidx.annotation.StringDef">
      <val name="value" val="{com.braintreepayments.api.models.PayPalRequest.USER_ACTION_DEFAULT, com.braintreepayments.api.models.PayPalRequest.USER_ACTION_COMMIT}" />
    </annotation>
  </item>
  <item name="com.braintreepayments.api.models.ThreeDSecureRequest com.braintreepayments.api.models.ThreeDSecureRequest accountType(java.lang.String) 0">
    <annotation name="androidx.annotation.StringDef">
      <val name="value" val="{com.braintreepayments.api.models.ThreeDSecureRequest.CREDIT, com.braintreepayments.api.models.ThreeDSecureRequest.DEBIT}" />
    </annotation>
  </item>
  <item name="com.braintreepayments.api.models.ThreeDSecureRequest com.braintreepayments.api.models.ThreeDSecureRequest versionRequested(java.lang.String) 0">
    <annotation name="androidx.annotation.StringDef">
      <val name="value" val="{com.braintreepayments.api.models.ThreeDSecureRequest.VERSION_1, com.braintreepayments.api.models.ThreeDSecureRequest.VERSION_2}" />
    </annotation>
  </item>
  <item name="com.braintreepayments.api.models.ThreeDSecureRequest java.lang.String getAccountType()">
    <annotation name="androidx.annotation.StringDef">
      <val name="value" val="{com.braintreepayments.api.models.ThreeDSecureRequest.CREDIT, com.braintreepayments.api.models.ThreeDSecureRequest.DEBIT}" />
    </annotation>
  </item>
  <item name="com.braintreepayments.api.models.ThreeDSecureRequest java.lang.String getVersionRequested()">
    <annotation name="androidx.annotation.StringDef">
      <val name="value" val="{com.braintreepayments.api.models.ThreeDSecureRequest.VERSION_1, com.braintreepayments.api.models.ThreeDSecureRequest.VERSION_2}" />
    </annotation>
  </item>
  <item name="com.braintreepayments.api.models.ThreeDSecureRequest mAccountType">
    <annotation name="androidx.annotation.StringDef">
      <val name="value" val="{com.braintreepayments.api.models.ThreeDSecureRequest.CREDIT, com.braintreepayments.api.models.ThreeDSecureRequest.DEBIT}" />
    </annotation>
  </item>
  <item name="com.braintreepayments.api.models.ThreeDSecureRequest mVersionRequested">
    <annotation name="androidx.annotation.StringDef">
      <val name="value" val="{com.braintreepayments.api.models.ThreeDSecureRequest.VERSION_1, com.braintreepayments.api.models.ThreeDSecureRequest.VERSION_2}" />
    </annotation>
  </item>
</root>

